﻿<?xml version="1.0" encoding="utf-8" ?>
<Defs>


  <ThingDef ParentName="SkyfallerBase">
    <defName>HelicopterIncoming</defName>
    <label>Helicopter(incoming)</label>
		<thingClass>DropPodIncoming</thingClass>
    <graphicData>
      <texPath>Helicopter</texPath>
      <graphicClass>Graphic_Single</graphicClass>
      <shaderType>CutoutFlying</shaderType>
      <drawSize>9</drawSize>
    </graphicData>
    <skyfaller>
      <movementType>Decelerate</movementType>
      <shadow>Things/Skyfaller/SkyfallerShadowDropPod</shadow>
      <shadowSize>(6,6)</shadowSize>
      <anticipationSound>DropPod_Fall</anticipationSound>
      <anticipationSoundTicks>100</anticipationSoundTicks>
      <motesPerCell>0</motesPerCell>
    </skyfaller>
  </ThingDef>

  <ThingDef ParentName="SkyfallerBase">
    <defName>HelicopterLeaving</defName>
    <label>Helicopter(leaving)</label>
		<thingClass>Helicopter.HelicopterLeaving</thingClass>
    <graphicData>
      <texPath>Helicopter</texPath>
      <graphicClass>Graphic_Single</graphicClass>
      <shaderType>CutoutFlying</shaderType>
      <drawSize>9</drawSize>
    </graphicData>
    <skyfaller>
      <movementType>Decelerate</movementType>
      <reversed>true</reversed>
      <shadow>Things/Skyfaller/SkyfallerShadowDropPod</shadow>
      <shadowSize>(6,6)</shadowSize>
      <anticipationSound>DropPod_Leaving</anticipationSound>
      <anticipationSoundTicks>-10</anticipationSoundTicks>
      <ticksToImpactRange><min>-40</min><max>-15</max></ticksToImpactRange>
    </skyfaller>
  </ThingDef>



</Defs>
